-- --------------------------------------------------------
-- Host:                         127.0.0.1
-- Server versie:                10.1.13-MariaDB - mariadb.org binary distribution
-- Server OS:                    Win32
-- HeidiSQL Versie:              9.3.0.4984
-- --------------------------------------------------------

/*!40101 SET @OLD_CHARACTER_SET_CLIENT=@@CHARACTER_SET_CLIENT */;
/*!40101 SET NAMES utf8mb4 */;
/*!40014 SET @OLD_FOREIGN_KEY_CHECKS=@@FOREIGN_KEY_CHECKS, FOREIGN_KEY_CHECKS=0 */;
/*!40101 SET @OLD_SQL_MODE=@@SQL_MODE, SQL_MODE='NO_AUTO_VALUE_ON_ZERO' */;

-- Databasestructuur van demoautentication wordt geschreven
CREATE DATABASE IF NOT EXISTS `demoautentication` /*!40100 DEFAULT CHARACTER SET latin1 */;
USE `demoautentication`;


-- Structuur van  tabel demoautentication.ci_sessions wordt geschreven
CREATE TABLE IF NOT EXISTS `ci_sessions` (
  `id` varchar(128) NOT NULL,
  `ip_address` varchar(45) NOT NULL,
  `timestamp` int(10) unsigned NOT NULL DEFAULT '0',
  `data` blob NOT NULL,
  KEY `ci_sessions_timestamp` (`timestamp`)
) ENGINE=InnoDB DEFAULT CHARSET=latin1;

-- Dumpen data van tabel demoautentication.ci_sessions: ~27 rows (ongeveer)
/*!40000 ALTER TABLE `ci_sessions` DISABLE KEYS */;
INSERT INTO `ci_sessions` (`id`, `ip_address`, `timestamp`, `data`) VALUES
	('lcrvjp1otlnapufefrhuso5jccdhhkar', '127.0.0.1', 1510647666, _binary 0x5F5F63695F6C6173745F726567656E65726174657C693A313531303634373636353B6572726F727C613A303A7B7D6E616D657C733A363A2244616D69616E223B757365725F69647C733A373A2238343533343136223B70726F66696C655F69647C733A313A2231223B70726F66696C655F696D6167657C733A33323A222F637573746F6D2F696D616765732F75736572732F64656661756C742E706E67223B6D656E755F73746174657C4E3B73746172745F706167657C733A31303A222F64617368626F617264223B656D61696C7C733A31393A226A6F686E646F65406578616D706C652E636F6D223B7065726D6973696F6E7C733A313A2231223B),
	('nvbkkavj4teo2vnbj4p8s6murbv7cadk', '127.0.0.1', 1510648329, _binary 0x5F5F63695F6C6173745F726567656E65726174657C693A313531303634383239343B6572726F727C613A303A7B7D6E616D657C733A363A2244616D69616E223B757365725F69647C733A373A2238343533343136223B70726F66696C655F69647C733A313A2231223B70726F66696C655F696D6167657C733A33323A222F637573746F6D2F696D616765732F75736572732F64656661756C742E706E67223B6D656E755F73746174657C4E3B73746172745F706167657C733A31303A222F64617368626F617264223B656D61696C7C733A31393A226A6F686E646F65406578616D706C652E636F6D223B7065726D6973696F6E7C733A313A2231223B),
	('bfvm2sgjiu6dligl1lo4h3mpjjpc2mgg', '127.0.0.1', 1510648653, _binary 0x5F5F63695F6C6173745F726567656E65726174657C693A313531303634383630343B6572726F727C613A303A7B7D6E616D657C733A363A2244616D69616E223B757365725F69647C733A373A2238343533343136223B70726F66696C655F69647C733A313A2231223B70726F66696C655F696D6167657C733A33323A222F637573746F6D2F696D616765732F75736572732F64656661756C742E706E67223B6D656E755F73746174657C4E3B73746172745F706167657C733A31303A222F64617368626F617264223B656D61696C7C733A31393A226A6F686E646F65406578616D706C652E636F6D223B7065726D6973696F6E7C733A313A2231223B),
	('qf8r66porklnj46oh9f8fhkg4ufnj6pd', '127.0.0.1', 1510652893, _binary 0x5F5F63695F6C6173745F726567656E65726174657C693A313531303634383935373B6572726F727C613A303A7B7D6E616D657C733A363A2244616D69616E223B757365725F69647C733A373A2238343533343136223B70726F66696C655F69647C733A313A2231223B70726F66696C655F696D6167657C733A33323A222F637573746F6D2F696D616765732F75736572732F64656661756C742E706E67223B6D656E755F73746174657C4E3B73746172745F706167657C733A31303A222F64617368626F617264223B656D61696C7C733A31393A226A6F686E646F65406578616D706C652E636F6D223B7065726D6973696F6E7C733A313A2231223B),
	('vrhlush26ddr16h89n0ns3vtnhjool5l', '127.0.0.1', 1510653759, _binary 0x5F5F63695F6C6173745F726567656E65726174657C693A313531303635333633343B6572726F727C613A303A7B7D6E616D657C733A363A2244616D69616E223B757365725F69647C733A373A2238343533343136223B70726F66696C655F69647C733A313A2231223B70726F66696C655F696D6167657C733A33323A222F637573746F6D2F696D616765732F75736572732F64656661756C742E706E67223B6D656E755F73746174657C4E3B73746172745F706167657C733A31303A222F64617368626F617264223B656D61696C7C733A31393A226A6F686E646F65406578616D706C652E636F6D223B7065726D6973696F6E7C733A313A2231223B),
	('ntee52vfcguoos6vlvv1kdsadtf3u3cp', '127.0.0.1', 1510654230, _binary 0x5F5F63695F6C6173745F726567656E65726174657C693A313531303635343033313B6572726F727C613A303A7B7D6E616D657C733A363A2244616D69616E223B757365725F69647C733A373A2238343533343136223B70726F66696C655F69647C733A313A2231223B70726F66696C655F696D6167657C733A33323A222F637573746F6D2F696D616765732F75736572732F64656661756C742E706E67223B6D656E755F73746174657C4E3B73746172745F706167657C733A31303A222F64617368626F617264223B656D61696C7C733A31393A226A6F686E646F65406578616D706C652E636F6D223B7065726D6973696F6E7C733A313A2231223B),
	('lso9u5q2pp241otttq2i94jn8p0ijq4k', '127.0.0.1', 1510654412, _binary 0x5F5F63695F6C6173745F726567656E65726174657C693A313531303635343335333B6572726F727C613A303A7B7D6E616D657C733A363A2244616D69616E223B757365725F69647C733A373A2238343533343136223B70726F66696C655F69647C733A313A2231223B70726F66696C655F696D6167657C733A33323A222F637573746F6D2F696D616765732F75736572732F64656661756C742E706E67223B6D656E755F73746174657C4E3B73746172745F706167657C733A31303A222F64617368626F617264223B656D61696C7C733A31393A226A6F686E646F65406578616D706C652E636F6D223B7065726D6973696F6E7C733A313A2231223B),
	('ro8ooo00bfpcpubcufo5abt12iuh7e6o', '127.0.0.1', 1510654849, _binary 0x5F5F63695F6C6173745F726567656E65726174657C693A313531303635343732303B6572726F727C613A303A7B7D6E616D657C733A363A2244616D69616E223B757365725F69647C733A373A2238343533343136223B70726F66696C655F69647C733A313A2231223B70726F66696C655F696D6167657C733A33323A222F637573746F6D2F696D616765732F75736572732F64656661756C742E706E67223B6D656E755F73746174657C4E3B73746172745F706167657C733A31303A222F64617368626F617264223B656D61696C7C733A31393A226A6F686E646F65406578616D706C652E636F6D223B7065726D6973696F6E7C733A313A2231223B),
	('qbir35225af5dj9f21v0cj4k2gj4i5p5', '127.0.0.1', 1510655384, _binary 0x5F5F63695F6C6173745F726567656E65726174657C693A313531303635353132373B6572726F727C613A303A7B7D6E616D657C733A363A2244616D69616E223B757365725F69647C733A373A2238343533343136223B70726F66696C655F69647C733A313A2231223B70726F66696C655F696D6167657C733A33323A222F637573746F6D2F696D616765732F75736572732F64656661756C742E706E67223B6D656E755F73746174657C4E3B73746172745F706167657C733A31303A222F64617368626F617264223B656D61696C7C733A31393A226A6F686E646F65406578616D706C652E636F6D223B7065726D6973696F6E7C733A313A2231223B),
	('38jgbkfpncod2prg51csrlou3rodnc7t', '127.0.0.1', 1510655623, _binary 0x5F5F63695F6C6173745F726567656E65726174657C693A313531303635353632313B6572726F727C613A303A7B7D6E616D657C733A363A2244616D69616E223B757365725F69647C733A373A2238343533343136223B70726F66696C655F69647C733A313A2231223B70726F66696C655F696D6167657C733A33323A222F637573746F6D2F696D616765732F75736572732F64656661756C742E706E67223B6D656E755F73746174657C4E3B73746172745F706167657C733A31303A222F64617368626F617264223B656D61696C7C733A31393A226A6F686E646F65406578616D706C652E636F6D223B7065726D6973696F6E7C733A313A2231223B),
	('t3445mjj3m94v8el6g0199qphqd6vtr5', '127.0.0.1', 1510662062, _binary 0x5F5F63695F6C6173745F726567656E65726174657C693A313531303636313933393B6572726F727C613A303A7B7D6E616D657C733A363A2244616D69616E223B757365725F69647C733A373A2238343533343136223B70726F66696C655F69647C733A313A2231223B70726F66696C655F696D6167657C733A33323A222F637573746F6D2F696D616765732F75736572732F64656661756C742E706E67223B6D656E755F73746174657C4E3B73746172745F706167657C733A31303A222F64617368626F617264223B656D61696C7C733A31393A226A6F686E646F65406578616D706C652E636F6D223B7065726D6973696F6E7C733A313A2231223B),
	('bqpo21i5394gv086c2bfa00sadbao7i7', '127.0.0.1', 1510662569, _binary 0x5F5F63695F6C6173745F726567656E65726174657C693A313531303636323532333B6572726F727C613A303A7B7D6E616D657C733A363A2244616D69616E223B757365725F69647C733A373A2238343533343136223B70726F66696C655F69647C733A313A2231223B70726F66696C655F696D6167657C733A33323A222F637573746F6D2F696D616765732F75736572732F64656661756C742E706E67223B6D656E755F73746174657C4E3B73746172745F706167657C733A31303A222F64617368626F617264223B656D61696C7C733A31393A226A6F686E646F65406578616D706C652E636F6D223B7065726D6973696F6E7C733A313A2231223B),
	('ru32292gfn10tvl5iim13pkjl97segmi', '127.0.0.1', 1510663880, _binary 0x5F5F63695F6C6173745F726567656E65726174657C693A313531303636333837383B6572726F727C613A303A7B7D6E616D657C733A363A2244616D69616E223B757365725F69647C733A373A2238343533343136223B70726F66696C655F69647C733A313A2231223B70726F66696C655F696D6167657C733A33323A222F637573746F6D2F696D616765732F75736572732F64656661756C742E706E67223B6D656E755F73746174657C4E3B73746172745F706167657C733A31303A222F64617368626F617264223B656D61696C7C733A31393A226A6F686E646F65406578616D706C652E636F6D223B7065726D6973696F6E7C733A313A2231223B),
	('30k261grtsbe5ehsne3ippktqh46pp7s', '127.0.0.1', 1510665210, _binary 0x5F5F63695F6C6173745F726567656E65726174657C693A313531303636343931393B6572726F727C613A303A7B7D6E616D657C733A363A2244616D69616E223B757365725F69647C733A373A2238343533343136223B70726F66696C655F69647C733A313A2231223B70726F66696C655F696D6167657C733A33323A222F637573746F6D2F696D616765732F75736572732F64656661756C742E706E67223B6D656E755F73746174657C4E3B73746172745F706167657C733A31303A222F64617368626F617264223B656D61696C7C733A31393A226A6F686E646F65406578616D706C652E636F6D223B7065726D6973696F6E7C733A313A2231223B666565646261636B506F7369746976657C613A313A7B693A303B733A33303A224765627275696B657220737563636573766F6C2061616E67656D61616B74223B7D),
	('d0609e9iglbadjvbnsgi4m1vqt3j8c1e', '127.0.0.1', 1510665489, _binary 0x5F5F63695F6C6173745F726567656E65726174657C693A313531303636353235383B6572726F727C613A303A7B7D6E616D657C733A363A2244616D69616E223B757365725F69647C733A373A2238343533343136223B70726F66696C655F69647C733A313A2231223B70726F66696C655F696D6167657C733A33323A222F637573746F6D2F696D616765732F75736572732F64656661756C742E706E67223B6D656E755F73746174657C4E3B73746172745F706167657C733A31303A222F64617368626F617264223B656D61696C7C733A31393A226A6F686E646F65406578616D706C652E636F6D223B7065726D6973696F6E7C733A313A2231223B),
	('3k6f2ov1tlcv3b5rrl74q53jfrblq41p', '127.0.0.1', 1510665954, _binary 0x5F5F63695F6C6173745F726567656E65726174657C693A313531303636353835363B6572726F727C613A303A7B7D6E616D657C733A363A2244616D69616E223B757365725F69647C733A373A2238343533343136223B70726F66696C655F69647C733A313A2231223B70726F66696C655F696D6167657C733A33323A222F637573746F6D2F696D616765732F75736572732F64656661756C742E706E67223B6D656E755F73746174657C4E3B73746172745F706167657C733A31303A222F64617368626F617264223B656D61696C7C733A31393A226A6F686E646F65406578616D706C652E636F6D223B7065726D6973696F6E7C733A313A2231223B),
	('0jsnmmng4q93o669g36b91bepcg672b0', '127.0.0.1', 1510666643, _binary 0x5F5F63695F6C6173745F726567656E65726174657C693A313531303636363534333B6572726F727C613A303A7B7D6E616D657C733A363A2244616D69616E223B757365725F69647C733A373A2238343533343136223B70726F66696C655F69647C733A313A2231223B70726F66696C655F696D6167657C733A33323A222F637573746F6D2F696D616765732F75736572732F64656661756C742E706E67223B6D656E755F73746174657C4E3B73746172745F706167657C733A31303A222F64617368626F617264223B656D61696C7C733A31393A226A6F686E646F65406578616D706C652E636F6D223B7065726D6973696F6E7C733A313A2231223B),
	('r5ulo2rp89vub1111t6j7fidbu82ep4d', '127.0.0.1', 1510667150, _binary 0x5F5F63695F6C6173745F726567656E65726174657C693A313531303636363932363B6572726F727C613A303A7B7D6E616D657C733A363A2244616D69616E223B757365725F69647C733A373A2238343533343136223B70726F66696C655F69647C733A313A2231223B70726F66696C655F696D6167657C733A33323A222F637573746F6D2F696D616765732F75736572732F64656661756C742E706E67223B6D656E755F73746174657C4E3B73746172745F706167657C733A31303A222F64617368626F617264223B656D61696C7C733A31393A226A6F686E646F65406578616D706C652E636F6D223B7065726D6973696F6E7C733A313A2231223B),
	('6hdbpt6086oeifqakv8dgmtifmdg0t36', '127.0.0.1', 1510671878, _binary 0x5F5F63695F6C6173745F726567656E65726174657C693A313531303637313837373B6572726F727C613A303A7B7D6E616D657C733A363A2244616D69616E223B757365725F69647C733A373A2238343533343136223B70726F66696C655F69647C733A313A2231223B70726F66696C655F696D6167657C733A33323A222F637573746F6D2F696D616765732F75736572732F64656661756C742E706E67223B6D656E755F73746174657C4E3B73746172745F706167657C733A31303A222F64617368626F617264223B656D61696C7C733A31393A226A6F686E646F65406578616D706C652E636F6D223B7065726D6973696F6E7C733A313A2231223B),
	('ne6pjj72krs0cge40unrq617gogb31vb', '127.0.0.1', 1510672827, _binary 0x5F5F63695F6C6173745F726567656E65726174657C693A313531303637323832313B6572726F727C613A303A7B7D6E616D657C733A363A2244616D69616E223B757365725F69647C733A373A2238343533343136223B70726F66696C655F69647C733A313A2231223B70726F66696C655F696D6167657C733A33323A222F637573746F6D2F696D616765732F75736572732F64656661756C742E706E67223B6D656E755F73746174657C4E3B73746172745F706167657C733A31303A222F64617368626F617264223B656D61696C7C733A31393A226A6F686E646F65406578616D706C652E636F6D223B7065726D6973696F6E7C733A313A2231223B),
	('r6lndk3osngmuvhgs7q5rlkfujkc7see', '127.0.0.1', 1510673420, _binary 0x5F5F63695F6C6173745F726567656E65726174657C693A313531303637333432303B6572726F727C613A303A7B7D6E616D657C733A363A2244616D69616E223B757365725F69647C733A373A2238343533343136223B70726F66696C655F69647C733A313A2231223B70726F66696C655F696D6167657C733A33323A222F637573746F6D2F696D616765732F75736572732F64656661756C742E706E67223B6D656E755F73746174657C4E3B73746172745F706167657C733A31303A222F64617368626F617264223B656D61696C7C733A31393A226A6F686E646F65406578616D706C652E636F6D223B7065726D6973696F6E7C733A313A2231223B),
	('1g7q57re1ta54c5ce230cg9vhajq4bq9', '127.0.0.1', 1510677028, _binary 0x5F5F63695F6C6173745F726567656E65726174657C693A313531303637373031323B6572726F727C613A303A7B7D6E616D657C733A363A2244616D69616E223B757365725F69647C733A373A2238343533343136223B70726F66696C655F69647C733A313A2231223B70726F66696C655F696D6167657C733A33323A222F637573746F6D2F696D616765732F75736572732F64656661756C742E706E67223B6D656E755F73746174657C4E3B73746172745F706167657C733A31303A222F64617368626F617264223B656D61696C7C733A31393A226A6F686E646F65406578616D706C652E636F6D223B7065726D6973696F6E7C733A313A2231223B),
	('i942vt8caqrkld1l4v8m15902l3khbuk', '127.0.0.1', 1510731639, _binary 0x5F5F63695F6C6173745F726567656E65726174657C693A313531303733313534303B6572726F727C613A303A7B7D6E616D657C733A363A2244616D69616E223B757365725F69647C733A373A2238343533343136223B70726F66696C655F69647C733A313A2231223B70726F66696C655F696D6167657C733A33323A222F637573746F6D2F696D616765732F75736572732F64656661756C742E706E67223B6D656E755F73746174657C4E3B73746172745F706167657C733A31303A222F64617368626F617264223B656D61696C7C733A31393A226A6F686E646F65406578616D706C652E636F6D223B7065726D6973696F6E7C733A313A2231223B),
	('ovub4j3e1lftdd175d37br6fal960p1r', '127.0.0.1', 1510731909, _binary 0x5F5F63695F6C6173745F726567656E65726174657C693A313531303733313930363B6572726F727C613A303A7B7D6E616D657C733A363A2244616D69616E223B757365725F69647C733A373A2238343533343136223B70726F66696C655F69647C733A313A2231223B70726F66696C655F696D6167657C733A33323A222F637573746F6D2F696D616765732F75736572732F64656661756C742E706E67223B6D656E755F73746174657C4E3B73746172745F706167657C733A31303A222F64617368626F617264223B656D61696C7C733A31393A226A6F686E646F65406578616D706C652E636F6D223B7065726D6973696F6E7C733A313A2231223B),
	('hpt454mfu32v1fl8p4iijne9ah99qatp', '127.0.0.1', 1510743389, _binary 0x5F5F63695F6C6173745F726567656E65726174657C693A313531303734333338383B6572726F727C613A303A7B7D),
	('r432bua2ri552lu3jafp0n4cp9gm4ngl', '127.0.0.1', 1510755212, _binary 0x5F5F63695F6C6173745F726567656E65726174657C693A313531303735353231323B6572726F727C613A303A7B7D),
	('k2flon552f58i97ms2oel3uiia6ojjv9', '127.0.0.1', 1510755213, _binary 0x6572726F727C613A303A7B7D);
/*!40000 ALTER TABLE `ci_sessions` ENABLE KEYS */;


-- Structuur van  tabel demoautentication.members wordt geschreven
CREATE TABLE IF NOT EXISTS `members` (
  `id` int(11) NOT NULL AUTO_INCREMENT,
  `ovnumber` varchar(255) NOT NULL,
  `name` varchar(255) CHARACTER SET utf8 NOT NULL,
  `insertion` varchar(255) CHARACTER SET utf8 NOT NULL,
  `lastname` varchar(255) CHARACTER SET utf8 NOT NULL,
  `slug` varchar(255) NOT NULL,
  `active` int(11) NOT NULL DEFAULT '1',
  PRIMARY KEY (`id`)
) ENGINE=MyISAM AUTO_INCREMENT=44 DEFAULT CHARSET=latin1;

-- Dumpen data van tabel demoautentication.members: 25 rows
/*!40000 ALTER TABLE `members` DISABLE KEYS */;
INSERT INTO `members` (`id`, `ovnumber`, `name`, `insertion`, `lastname`, `slug`, `active`) VALUES
	(1, '99012345', 'Klaas', 'de', 'Jong', 'test1', 1),
	(2, '99012345', 'Jan', 'de ', 'Jong', 'test2', 0),
	(3, '990', 'Da', 'van', 'Es', 'test3', 0),
	(37, '99040150', 'Stefan', 'de', 'Gier', 'Stefan', 1),
	(36, '99040437', 'Tselmeg', '', 'Gantuya', 'Tselmeg', 1),
	(35, '99038787', 'Elise', '', 'Eijkhout', 'Elise', 1),
	(34, '99027519', 'Vincent', 'van', 'Dam', 'Vincent', 1),
	(33, '99043889', 'Louis', '', 'Cocks', 'Louis', 1),
	(32, '99039154', 'Rawesh', '', 'Chedi', 'Rawesh', 1),
	(31, '99041950', 'Thomas', '', 'Buitelaar', 'Thomas', 1),
	(29, '423433', 'jong', 'de', 'jong', 'jong', 0),
	(28, '23434', 'tijs', 'de', 'jong', 'tijs', 0),
	(27, '535435', 'freek', 'de', 'jong', 'freek', 0),
	(26, '55272', 'olav', 'de', 'jong', 'olav', 1),
	(25, '4322342', 'Gerard ', 'de', 'jong', 'Gerard', 1),
	(23, '213435463', 'henk', 'de', 'jong', 'henk', 1),
	(22, '1234253', 'piet', 'de', 'jong', 'piet', 1),
	(30, '12312', 'wrwerwr', 'werwer', 'ewrwerwerwe', 'wrwerwr', 1),
	(24, '64774474', 'persoon', 'de', 'jong', 'persoon', 1),
	(38, '99040236', 'Sybren', '', 'Hagendoorn', 'Sybren', 1),
	(39, '99027700', 'Mitchel', 'van', 'Helden', 'Mitchel', 1),
	(40, '99039736', 'Alex', '', 'Kalis', 'Alex', 1),
	(41, '99033212', 'Diego', '', 'Koenegras', 'Diego', 1),
	(42, '99039459', 'Remco', '', 'Kroonen', 'Remco', 1),
	(43, '99027322', 'Jarno', 'de', 'Leeuw', 'Jarno', 1);
/*!40000 ALTER TABLE `members` ENABLE KEYS */;


-- Structuur van  tabel demoautentication.profiles wordt geschreven
CREATE TABLE IF NOT EXISTS `profiles` (
  `id` int(11) NOT NULL AUTO_INCREMENT,
  `name` varchar(50) NOT NULL,
  PRIMARY KEY (`id`)
) ENGINE=InnoDB AUTO_INCREMENT=3 DEFAULT CHARSET=latin1;

-- Dumpen data van tabel demoautentication.profiles: ~2 rows (ongeveer)
/*!40000 ALTER TABLE `profiles` DISABLE KEYS */;
INSERT INTO `profiles` (`id`, `name`) VALUES
	(1, 'Administrator'),
	(2, 'Medewerker');
/*!40000 ALTER TABLE `profiles` ENABLE KEYS */;


-- Structuur van  tabel demoautentication.projects wordt geschreven
CREATE TABLE IF NOT EXISTS `projects` (
  `id` int(11) NOT NULL AUTO_INCREMENT,
  `name` varchar(50) NOT NULL DEFAULT '0',
  `teacher` varchar(50) NOT NULL DEFAULT '0',
  `client` varchar(50) NOT NULL DEFAULT '0',
  `active` varchar(50) NOT NULL DEFAULT '0',
  `slug` tinytext,
  `description` tinytext,
  `code_review_start` datetime NOT NULL,
  `code_review_end` datetime NOT NULL,
  `iteration_start` datetime NOT NULL,
  `iteration_end` datetime NOT NULL,
  `git_url` varchar(255) DEFAULT NULL,
  `trello_url` varchar(255) DEFAULT NULL,
  `project_url` varchar(255) DEFAULT NULL,
  `bug_url` varchar(255) DEFAULT NULL,
  PRIMARY KEY (`id`)
) ENGINE=InnoDB AUTO_INCREMENT=66 DEFAULT CHARSET=latin1;

-- Dumpen data van tabel demoautentication.projects: ~27 rows (ongeveer)
/*!40000 ALTER TABLE `projects` DISABLE KEYS */;
INSERT INTO `projects` (`id`, `name`, `teacher`, `client`, `active`, `slug`, `description`, `code_review_start`, `code_review_end`, `iteration_start`, `iteration_end`, `git_url`, `trello_url`, `project_url`, `bug_url`) VALUES
	(1, 'stagemarktAO', 'Huisman', 'slemmer', '1', 'test', 'Dit project houdt in het bouwen van een nieuwe versie van stagemarktAO', '0000-00-00 00:00:00', '0000-00-00 00:00:00', '2017-11-01 04:08:00', '2017-11-02 06:08:00', 'https://www.w3schools.com/html/html_form_input_types.asp', 'werwrwer', 'https://www.w3schools.com/html/html_form_input_types.asp', 'https://www.w3schools.com/html/html_form_input_types.asp'),
	(2, 'stagemarkt 23erwerw', 'nouwen1234', 'Nouwen1234', '1', 'test2', 'Deze project houdt in het bouwen van een nieuwe versie van stagemarkt', '2017-11-10 00:00:00', '2017-11-09 00:00:00', '2017-11-09 06:00:00', '2017-11-09 06:06:00', NULL, NULL, NULL, NULL),
	(28, 'ufo', 'df', 'sdf', '0', 'ufo1', 'sdafs', '2017-10-13 00:00:00', '2017-11-01 00:00:00', '2017-11-08 01:02:00', '2017-11-09 03:02:00', NULL, NULL, NULL, NULL),
	(29, 'ufo', 'ufo', 'ufo', '0', 'ufo12', 'ufo', '0000-00-00 00:00:00', '0000-00-00 00:00:00', '0000-00-00 00:00:00', '0000-00-00 00:00:00', NULL, NULL, NULL, NULL),
	(40, 'testproject', 'slemmer', 'jan klaas', '0', 'testproject1', 'Dit is een beschrijving', '0000-00-00 00:00:00', '0000-00-00 00:00:00', '0000-00-00 00:00:00', '0000-00-00 00:00:00', NULL, NULL, NULL, NULL),
	(41, 'naam12', 'docent12', 'klant12', '0', 'naam12', 'qeeqwrewrerwe', '0000-00-00 00:00:00', '0000-00-00 00:00:00', '0000-00-00 00:00:00', '0000-00-00 00:00:00', 'giturl12', 'trellourl12', NULL, NULL),
	(42, 'rewr', 'werwerwe', 'werwer', '0', 'rewr', 'werwerwrwrwerw', '0000-00-00 00:00:00', '0000-00-00 00:00:00', '0000-00-00 00:00:00', '0000-00-00 00:00:00', 'git123', 'trello123', 'test123', 'bug123'),
	(43, 'sadasda', 'adads', 'dadad', '0', 'sadasda', 'asbygsaiasd', '0000-00-00 00:00:00', '0000-00-00 00:00:00', '0000-00-00 00:00:00', '0000-00-00 00:00:00', 'ashdgasygdsa', 'ashudaisdd', 'dajhhda', 'aduiahudad'),
	(44, 'adsdasd', 'asdasdsad', 'adasda', '0', 'adsdasd', 'qrewrrtwre', '0000-00-00 00:00:00', '0000-00-00 00:00:00', '0000-00-00 00:00:00', '0000-00-00 00:00:00', 'https://trello.com/b/Lur2OYSn/projecten-beheer', 'https://trello.com/b/Lur2OYSn/projecten-beheer', 'https://trello.com/b/Lur2OYSn/projecten-beheer', 'https://trello.com/b/Lur2OYSn/projecten-beheer'),
	(45, 'sdasda', 'asdassdasd', 'dadasdasd', '0', 'sdasda', 'weqrwteyrurtewr', '0000-00-00 00:00:00', '0000-00-00 00:00:00', '0000-00-00 00:00:00', '0000-00-00 00:00:00', 'adasdasda', 'https://trello.com/b/Lur2OYSn/projecten-beheer', 'https://trello.com/b/Lur2OYSn/projecten-beheer', 'https://trello.com/b/Lur2OYSn/projecten-beheer'),
	(46, 'retertert', 'dweregte', 'ertretert', '0', 'retertert', 'dwrghyjtrewq', '0000-00-00 00:00:00', '0000-00-00 00:00:00', '0000-00-00 00:00:00', '0000-00-00 00:00:00', 'aerettrwt', 'https://trello.com/b/Lur2OYSn/projecten-beheer', 'https://trello.com/b/Lur2OYSn/projecten-beheer', 'https://trello.com/b/Lur2OYSn/projecten-beheer'),
	(47, 'sdafsgdhf', 'sdafghjg', 'dsafgdhfjg', '0', 'sdafsgdhf', 'dertyuijytrwe', '0000-00-00 00:00:00', '0000-00-00 00:00:00', '0000-00-00 00:00:00', '0000-00-00 00:00:00', 'dasdad', 'https://trello.com/b/Lur2OYSn/projecten-beheer', 'https://trello.com/b/Lur2OYSn/projecten-beheer', 'https://trello.com/b/Lur2OYSn/projecten-beheer'),
	(48, 'dsfsgdd', 'dsafsgdsda', 'fsgdf', '0', 'dsfsgdd', 'wewrterytewrqreweg', '0000-00-00 00:00:00', '0000-00-00 00:00:00', '0000-00-00 00:00:00', '0000-00-00 00:00:00', 'asfdgwereer', 'https://trello.com/b/Lur2OYSn/projecten-beheer', 'https://trello.com/b/Lur2OYSn/projecten-beheer', 'https://trello.com/b/Lur2OYSn/projecten-beheer'),
	(49, 'dsfsgdd', 'dsafsgdsda', 'fsgdf', '0', 'dsfsgdd1', 'wewrterytewrqreweg', '0000-00-00 00:00:00', '0000-00-00 00:00:00', '0000-00-00 00:00:00', '0000-00-00 00:00:00', 'dwaewqewe', 'https://trello.com/b/Lur2OYSn/projecten-beheer', 'https://trello.com/b/Lur2OYSn/projecten-beheer', 'https://trello.com/b/Lur2OYSn/projecten-beheer'),
	(50, 'sdfgdw', 'fsfdfsdfsdf', 'fdsdfsdf', '0', 'sdfgdw', 'dafsgfdfsdfs', '0000-00-00 00:00:00', '0000-00-00 00:00:00', '0000-00-00 00:00:00', '0000-00-00 00:00:00', 'adasdasd', 'https://trello.com/b/Lur2OYSn/projecten-beheer', 'https://trello.com/b/Lur2OYSn/projecten-beheer', 'https://trello.com/b/Lur2OYSn/projecten-beheer'),
	(51, 'sdfgdw', 'fsfdfsdfsdf', 'fdsdfsdf', '0', 'sdfgdw1', 'dafsgfdfsdfs', '0000-00-00 00:00:00', '0000-00-00 00:00:00', '0000-00-00 00:00:00', '0000-00-00 00:00:00', 'adasdasd', 'https://trello.com/b/Lur2OYSn/projecten-beheer', 'https://trello.com/b/Lur2OYSn/projecten-beheer', 'https://trello.com/b/Lur2OYSn/projecten-beheer'),
	(52, 'sdfddf', 'dfdfd', 'dfdfdf', '0', 'sdfddf', 'daefrgthrtegrwfd', '0000-00-00 00:00:00', '0000-00-00 00:00:00', '0000-00-00 00:00:00', '0000-00-00 00:00:00', 'fwrtertertre', 'https://trello.com/b/Lur2OYSn/projecten-beheer', 'https://trello.com/b/Lur2OYSn/projecten-beheer', 'https://trello.com/b/Lur2OYSn/projecten-beheer'),
	(53, 'sadasda', 'asdsadasd', 'dasdasd', '0', 'sadasda1', 'defgfnfwedbdvde', '0000-00-00 00:00:00', '0000-00-00 00:00:00', '0000-00-00 00:00:00', '0000-00-00 00:00:00', 'https://trello.com/b/Lur2OYSn/projecten-beheer', 'https://trello.com/b/Lur2OYSn/projecten-beheer', 'https://trello.com/b/Lur2OYSn/projecten-beheer', 'https://trello.com/b/Lur2OYSn/projecten-beheer'),
	(54, 'fgwersadadsa', 'werwerwerasdasdas', 'werwerwerasdasddas', '0', 'fgwersadadsa', 'ewqwtrythryert', '0000-00-00 00:00:00', '0000-00-00 00:00:00', '0000-00-00 00:00:00', '0000-00-00 00:00:00', 'werwerwererwerewrewrwer12324352', 'https://trello.com/b/Lur2OYSn/projecten-beheer', 'https://trello.com/b/Lur2OYSn/projecten-beheer', 'https://trello.com/b/Lur2OYSn/projecten-beheer'),
	(55, 'sssdsadas', 'asdsadasd', 'asdsadsad', '0', 'sssdsadas', 'defwfefesf', '0000-00-00 00:00:00', '0000-00-00 00:00:00', '0000-00-00 00:00:00', '0000-00-00 00:00:00', 'asdasdasda', 'https://trello.com/b/Lur2OYSn/projecten-beheer', 'https://trello.com/b/Lur2OYSn/projecten-beheer', 'https://trello.com/b/Lur2OYSn/projecten-beheer'),
	(56, 'dafsas', 'dasdasdsa', 'asdasda', '0', 'dafsas', 'defwdwwrwer', '0000-00-00 00:00:00', '0000-00-00 00:00:00', '0000-00-00 00:00:00', '0000-00-00 00:00:00', 'dsadasdasd', 'https://trello.com/b/Lur2OYSn/projecten-beheer', 'https://trello.com/b/Lur2OYSn/projecten-beheer', 'https://trello.com/b/Lur2OYSn/projecten-beheer'),
	(57, 'fewrwe', 'wreewrr', 'werwer', '0', 'fewrwe', 'ewrrwerwer', '0000-00-00 00:00:00', '0000-00-00 00:00:00', '0000-00-00 00:00:00', '0000-00-00 00:00:00', 'https://trello.com/b/Lur2OYSn/projecten-beheer', 'https://trello.com/b/Lur2OYSn/projecten-beheer', 'https://trello.com/b/Lur2OYSn/projecten-beheer', 'https://trello.com/b/Lur2OYSn/projecten-beheer'),
	(58, 'sadfsgdb', 'sdfsdfsdf', 'fghdsfdfs', '0', 'sadfsgdb', 'aewrtyujiytrewthjygew', '0000-00-00 00:00:00', '0000-00-00 00:00:00', '0000-00-00 00:00:00', '0000-00-00 00:00:00', 'https://trello.com/b/Lur2OYSn/projecten-beheer', 'https://trello.com/b/Lur2OYSn/projecten-beheer', 'https://trello.com/b/Lur2OYSn/projecten-beheer', 'https://trello.com/b/Lur2OYSn/projecten-beheer'),
	(59, 'ADIYSAIDAS', 'WERWEHRHWER', 'IFUHSDIFUWERW', '0', 'adiysaidas', 'https://trello.com/b/Lur2OYSn/projecten-beheer', '0000-00-00 00:00:00', '0000-00-00 00:00:00', '0000-00-00 00:00:00', '0000-00-00 00:00:00', 'ASHDAISDA', 'https://trello.com/b/Lur2OYSn/projecten-beheer', 'https://trello.com/b/Lur2OYSn/projecten-beheer', 'https://trello.com/b/Lur2OYSn/projecten-beheer'),
	(60, 'sdasd', 'asdsadas', 'adasd', '0', 'sdasd', 'www.demo.com<h1>wwe</h1>', '0000-00-00 00:00:00', '0000-00-00 00:00:00', '0000-00-00 00:00:00', '0000-00-00 00:00:00', 'www.demo.com<h1>wwe</h1>', 'http://www.demo.com', 'http://www.demo.com<h1>wwe</h1>', 'http://www.demo.com<h1>wwe</h1>'),
	(61, 'retete', 'ertertet', 'etetet', '0', 'retete', 'ewrt5yhtrg3e23', '0000-00-00 00:00:00', '0000-00-00 00:00:00', '0000-00-00 00:00:00', '0000-00-00 00:00:00', 'https://trello.com/b/Lur2OYSn/projecten-beheer', 'https://trello.com/b/Lur2OYSn/projecten-beheer', 'https://trello.com/b/Lur2OYSn/projecten-beheer', 'https://trello.com/b/Lur2OYSn/projecten-beheer'),
	(62, 'rnjwehrewr', 'asjnfhaiufa', 'asjdbuiasd', '0', 'rnjwehrewr', 'ahbdsayshrew9uherw', '0000-00-00 00:00:00', '0000-00-00 00:00:00', '0000-00-00 00:00:00', '0000-00-00 00:00:00', 'dasbihdgads', 'https://trello.com/b/Lur2OYSn/projecten-beheer', 'https://trello.com/b/Lur2OYSn/projecten-beheer', 'https://trello.com/b/Lur2OYSn/projecten-beheer'),
	(63, 'asjdiasd', 'andsada', 'ajnsjad', '0', 'asjdiasd', 'wnuheriwhrwerwe', '0000-00-00 00:00:00', '0000-00-00 00:00:00', '0000-00-00 00:00:00', '0000-00-00 00:00:00', 'jfkwnirwerwe', 'https://trello.com/b/Lur2OYSn/projecten-beheer', 'https://trello.com/b/Lur2OYSn/projecten-beheer', 'https://trello.com/b/Lur2OYSn/projecten-beheer'),
	(64, 'weerwerew', 'fsefdwerwe', 'werwer', '0', 'weerwerew', 'wererwerwe', '0000-00-00 00:00:00', '0000-00-00 00:00:00', '0000-00-00 00:00:00', '0000-00-00 00:00:00', 'https://trello.com/b/Lur2OYSn/projecten-beheer', 'https://trello.com/b/Lur2OYSn/projecten-beheer', 'https://trello.com/b/Lur2OYSn/projecten-beheer', 'dasdasdadasda'),
	(65, 'sdadd', 'asdadsd', 'asdasad', '0', 'sdadd', 'saadadsd', '0000-00-00 00:00:00', '0000-00-00 00:00:00', '0000-00-00 00:00:00', '0000-00-00 00:00:00', 'https://trello.com/b/Lur2OYSn/projecten-beheer', 'https://trello.com/b/Lur2OYSn/projecten-beheer', 'https://trello.com/b/Lur2OYSn/projecten-beheer', 'eerwrewr');
/*!40000 ALTER TABLE `projects` ENABLE KEYS */;


-- Structuur van  tabel demoautentication.projects_tags wordt geschreven
CREATE TABLE IF NOT EXISTS `projects_tags` (
  `id` int(11) NOT NULL AUTO_INCREMENT,
  `project_id` int(11) DEFAULT NULL,
  `tag_id` int(11) DEFAULT NULL,
  PRIMARY KEY (`id`)
) ENGINE=InnoDB AUTO_INCREMENT=9 DEFAULT CHARSET=latin1;

-- Dumpen data van tabel demoautentication.projects_tags: ~2 rows (ongeveer)
/*!40000 ALTER TABLE `projects_tags` DISABLE KEYS */;
INSERT INTO `projects_tags` (`id`, `project_id`, `tag_id`) VALUES
	(4, 28, 4),
	(5, 28, 3),
	(8, 45, 1);
/*!40000 ALTER TABLE `projects_tags` ENABLE KEYS */;


-- Structuur van  tabel demoautentication.project_members wordt geschreven
CREATE TABLE IF NOT EXISTS `project_members` (
  `id` int(11) NOT NULL AUTO_INCREMENT,
  `project_id` int(11) NOT NULL,
  `member_id` int(11) NOT NULL,
  PRIMARY KEY (`id`)
) ENGINE=MyISAM AUTO_INCREMENT=18 DEFAULT CHARSET=latin1;

-- Dumpen data van tabel demoautentication.project_members: 4 rows
/*!40000 ALTER TABLE `project_members` DISABLE KEYS */;
INSERT INTO `project_members` (`id`, `project_id`, `member_id`) VALUES
	(3, 23, 3),
	(6, 2, 23),
	(15, 1, 36),
	(17, 1, 34);
/*!40000 ALTER TABLE `project_members` ENABLE KEYS */;


-- Structuur van  tabel demoautentication.rights wordt geschreven
CREATE TABLE IF NOT EXISTS `rights` (
  `id` int(11) NOT NULL AUTO_INCREMENT,
  `icon` varchar(12) NOT NULL DEFAULT '0',
  `hasSub` bit(1) NOT NULL DEFAULT b'0',
  `parent_id` int(5) NOT NULL DEFAULT '0',
  `name` varchar(50) NOT NULL,
  `internal_name` varchar(50) DEFAULT NULL,
  `priority` int(5) NOT NULL,
  `link` varchar(150) NOT NULL,
  PRIMARY KEY (`id`)
) ENGINE=InnoDB AUTO_INCREMENT=7 DEFAULT CHARSET=latin1;

-- Dumpen data van tabel demoautentication.rights: ~4 rows (ongeveer)
/*!40000 ALTER TABLE `rights` DISABLE KEYS */;
INSERT INTO `rights` (`id`, `icon`, `hasSub`, `parent_id`, `name`, `internal_name`, `priority`, `link`) VALUES
	(1, 'dashboard', b'0', 0, 'Dashboard', 'dashboard', 1, '/dashboard'),
	(2, 'cogs', b'1', 0, 'Configuratie', 'config', 80, '/config'),
	(3, '0', b'0', 2, 'Gebruikers', 'users', 81, '/config/users'),
	(4, '0', b'0', 2, 'Rechten', 'rights', 81, '/config/rights'),
	(5, '0', b'0', 0, 'projects', 'projects', 81, '/projects'),
	(6, '0', b'0', 0, 'Add project', 'Addproject', 81, '/projects/add_project');
/*!40000 ALTER TABLE `rights` ENABLE KEYS */;


-- Structuur van  tabel demoautentication.rights_tree wordt geschreven
CREATE TABLE IF NOT EXISTS `rights_tree` (
  `id` int(5) NOT NULL AUTO_INCREMENT,
  `profile_id` int(6) NOT NULL,
  `rights_id` int(6) NOT NULL,
  PRIMARY KEY (`id`)
) ENGINE=InnoDB AUTO_INCREMENT=20 DEFAULT CHARSET=latin1;

-- Dumpen data van tabel demoautentication.rights_tree: ~5 rows (ongeveer)
/*!40000 ALTER TABLE `rights_tree` DISABLE KEYS */;
INSERT INTO `rights_tree` (`id`, `profile_id`, `rights_id`) VALUES
	(5, 2, 1),
	(16, 1, 6),
	(17, 1, 2),
	(18, 1, 1),
	(19, 1, 5);
/*!40000 ALTER TABLE `rights_tree` ENABLE KEYS */;


-- Structuur van  tabel demoautentication.tags wordt geschreven
CREATE TABLE IF NOT EXISTS `tags` (
  `id` int(11) NOT NULL AUTO_INCREMENT,
  `name` varchar(255) DEFAULT NULL,
  `description` varchar(255) DEFAULT NULL,
  `slug` varchar(255) DEFAULT NULL,
  `active` int(11) DEFAULT '1',
  PRIMARY KEY (`id`)
) ENGINE=InnoDB AUTO_INCREMENT=6 DEFAULT CHARSET=latin1;

-- Dumpen data van tabel demoautentication.tags: ~3 rows (ongeveer)
/*!40000 ALTER TABLE `tags` DISABLE KEYS */;
INSERT INTO `tags` (`id`, `name`, `description`, `slug`, `active`) VALUES
	(1, 'PHP', 'php tag', 'php', 1),
	(2, 'Html/Css', 'html/css', 'htmlcss', 0),
	(3, 'SQL', 'Dit is een SQl tag', 'sql', 1),
	(4, 'Javascript', 'Dit is een Javascript tag', 'javascript', 1),
	(5, 'Test', 'Dit is een test tag', 'test', NULL);
/*!40000 ALTER TABLE `tags` ENABLE KEYS */;


-- Structuur van  tabel demoautentication.users wordt geschreven
CREATE TABLE IF NOT EXISTS `users` (
  `id` int(11) NOT NULL AUTO_INCREMENT,
  `name` varchar(80) NOT NULL,
  `username` varchar(80) NOT NULL,
  `password` varchar(80) NOT NULL,
  `email` varchar(60) NOT NULL,
  `profile_id` int(11) NOT NULL,
  `division_id` int(11) NOT NULL,
  `active` bit(1) NOT NULL,
  `activation_hash` varchar(255) CHARACTER SET utf8 NOT NULL,
  `date_created` datetime NOT NULL,
  `admin` int(11) DEFAULT NULL,
  PRIMARY KEY (`id`)
) ENGINE=InnoDB AUTO_INCREMENT=8453424 DEFAULT CHARSET=latin1;

-- Dumpen data van tabel demoautentication.users: ~7 rows (ongeveer)
/*!40000 ALTER TABLE `users` DISABLE KEYS */;
INSERT INTO `users` (`id`, `name`, `username`, `password`, `email`, `profile_id`, `division_id`, `active`, `activation_hash`, `date_created`, `admin`) VALUES
	(8453416, 'Damian', 'admin', '93934933ba1028311dab40173011e643d2daaf3a', 'johndoe@example.com', 1, 0, b'1', '', '2017-09-19 15:22:12', 1),
	(8453417, 'Damian van Es', '', '', 'damianvanes@live.nl', 0, 0, b'0', '410809359b9eb278afd5219d65632728', '2017-11-14 14:13:29', NULL),
	(8453418, 'Damian van Es', '', '', 'damianvanes@live.nl', 0, 0, b'0', 'd9ac0b50c7c75a2ec1e68b9dfefaaf8d', '2017-11-14 14:14:22', NULL),
	(8453419, 'Damian van Es', '', '', 'damianvanes@live.nl', 0, 0, b'0', '32577458e553c9b9613ea55f02a4e76c', '2017-11-14 14:14:59', NULL),
	(8453420, 'Damian van Es', '', '', 'damianvanes@live.nl', 0, 0, b'0', '8397879ccee57e82950ae6ee8399a533', '2017-11-14 14:15:46', NULL),
	(8453421, 'Damian van Es', '', '', 'damianvanes@live.nl', 0, 0, b'0', '89502ff1a87f604226fbdc9658f6fd29', '2017-11-14 14:16:14', NULL),
	(8453422, 'test', '', '', 'dve372@gmail.com', 0, 0, b'0', '0f28c337fe19424b823ef5b01817b14b', '2017-11-14 14:16:44', NULL),
	(8453423, 'Damian van Es', '', '', 'damianvanes@live.nl', 0, 0, b'0', 'a53880a986b689c6d9a2647e24ec34d6', '2017-11-14 14:24:25', NULL);
/*!40000 ALTER TABLE `users` ENABLE KEYS */;


-- Structuur van  tabel demoautentication.user_activities wordt geschreven
CREATE TABLE IF NOT EXISTS `user_activities` (
  `id` int(11) NOT NULL AUTO_INCREMENT,
  `user_id` int(11) NOT NULL,
  `checksum` varchar(25) NOT NULL,
  `date_modify` datetime NOT NULL,
  PRIMARY KEY (`id`)
) ENGINE=InnoDB AUTO_INCREMENT=2 DEFAULT CHARSET=latin1;

-- Dumpen data van tabel demoautentication.user_activities: ~0 rows (ongeveer)
/*!40000 ALTER TABLE `user_activities` DISABLE KEYS */;
INSERT INTO `user_activities` (`id`, `user_id`, `checksum`, `date_modify`) VALUES
	(1, 8453416, '220f4464f2684d983114d241b', '2017-11-15 08:45:09');
/*!40000 ALTER TABLE `user_activities` ENABLE KEYS */;
/*!40101 SET SQL_MODE=IFNULL(@OLD_SQL_MODE, '') */;
/*!40014 SET FOREIGN_KEY_CHECKS=IF(@OLD_FOREIGN_KEY_CHECKS IS NULL, 1, @OLD_FOREIGN_KEY_CHECKS) */;
/*!40101 SET CHARACTER_SET_CLIENT=@OLD_CHARACTER_SET_CLIENT */;
