-- --------------------------------------------------------
-- Host:                         127.0.0.1
-- Server versie:                10.1.13-MariaDB - mariadb.org binary distribution
-- Server OS:                    Win32
-- HeidiSQL Versie:              9.3.0.4984
-- --------------------------------------------------------

/*!40101 SET @OLD_CHARACTER_SET_CLIENT=@@CHARACTER_SET_CLIENT */;
/*!40101 SET NAMES utf8mb4 */;
/*!40014 SET @OLD_FOREIGN_KEY_CHECKS=@@FOREIGN_KEY_CHECKS, FOREIGN_KEY_CHECKS=0 */;
/*!40101 SET @OLD_SQL_MODE=@@SQL_MODE, SQL_MODE='NO_AUTO_VALUE_ON_ZERO' */;

-- Databasestructuur van demoautentication wordt geschreven
CREATE DATABASE IF NOT EXISTS `demoautentication` /*!40100 DEFAULT CHARACTER SET latin1 */;
USE `demoautentication`;


-- Structuur van  tabel demoautentication.ci_sessions wordt geschreven
CREATE TABLE IF NOT EXISTS `ci_sessions` (
  `id` varchar(128) NOT NULL,
  `ip_address` varchar(45) NOT NULL,
  `timestamp` int(10) unsigned NOT NULL DEFAULT '0',
  `data` blob NOT NULL,
  KEY `ci_sessions_timestamp` (`timestamp`)
) ENGINE=InnoDB DEFAULT CHARSET=latin1;

-- Dumpen data van tabel demoautentication.ci_sessions: ~47 rows (ongeveer)
/*!40000 ALTER TABLE `ci_sessions` DISABLE KEYS */;
INSERT INTO `ci_sessions` (`id`, `ip_address`, `timestamp`, `data`) VALUES
	('74ec1lcsqtpnu46qkn6dhf0ilpneps92', '127.0.0.1', 1506582796, _binary 0x5F5F63695F6C6173745F726567656E65726174657C693A313530363538323632353B6572726F727C613A303A7B7D6E616D657C733A363A2244616D69616E223B757365725F69647C733A373A2238343533343136223B70726F66696C655F69647C733A313A2231223B70726F66696C655F696D6167657C733A33323A222F637573746F6D2F696D616765732F75736572732F64656661756C742E706E67223B6D656E755F73746174657C4E3B73746172745F706167657C733A31303A222F64617368626F617264223B656D61696C7C733A31393A226A6F686E646F65406578616D706C652E636F6D223B7065726D6973696F6E7C733A313A2231223B),
	('3vtitomvl9ahgk15cjmoto8sou6le6ed', '127.0.0.1', 1506584333, _binary 0x5F5F63695F6C6173745F726567656E65726174657C693A313530363538343035393B6572726F727C613A303A7B7D6E616D657C733A363A2244616D69616E223B757365725F69647C733A373A2238343533343136223B70726F66696C655F69647C733A313A2231223B70726F66696C655F696D6167657C733A33323A222F637573746F6D2F696D616765732F75736572732F64656661756C742E706E67223B6D656E755F73746174657C4E3B73746172745F706167657C733A31303A222F64617368626F617264223B656D61696C7C733A31393A226A6F686E646F65406578616D706C652E636F6D223B7065726D6973696F6E7C733A313A2231223B),
	('6869mbndel97q72parbic1h4nte9krm3', '127.0.0.1', 1506584420, _binary 0x5F5F63695F6C6173745F726567656E65726174657C693A313530363538343430313B6572726F727C613A303A7B7D6E616D657C733A363A2244616D69616E223B757365725F69647C733A373A2238343533343136223B70726F66696C655F69647C733A313A2231223B70726F66696C655F696D6167657C733A33323A222F637573746F6D2F696D616765732F75736572732F64656661756C742E706E67223B6D656E755F73746174657C4E3B73746172745F706167657C733A31303A222F64617368626F617264223B656D61696C7C733A31393A226A6F686E646F65406578616D706C652E636F6D223B7065726D6973696F6E7C733A313A2231223B),
	('boa0aph248a3kjpd090rqk2i3onigof2', '127.0.0.1', 1506586690, _binary 0x5F5F63695F6C6173745F726567656E65726174657C693A313530363538363438333B6572726F727C613A303A7B7D6E616D657C733A363A2244616D69616E223B757365725F69647C733A373A2238343533343136223B70726F66696C655F69647C733A313A2231223B70726F66696C655F696D6167657C733A33323A222F637573746F6D2F696D616765732F75736572732F64656661756C742E706E67223B6D656E755F73746174657C4E3B73746172745F706167657C733A31303A222F64617368626F617264223B656D61696C7C733A31393A226A6F686E646F65406578616D706C652E636F6D223B7065726D6973696F6E7C733A313A2231223B),
	('8eovuq5u1rrc1flp13gcp3lto0a7f61h', '127.0.0.1', 1506587502, _binary 0x5F5F63695F6C6173745F726567656E65726174657C693A313530363538373232373B6572726F727C613A303A7B7D6E616D657C733A363A2244616D69616E223B757365725F69647C733A373A2238343533343136223B70726F66696C655F69647C733A313A2231223B70726F66696C655F696D6167657C733A33323A222F637573746F6D2F696D616765732F75736572732F64656661756C742E706E67223B6D656E755F73746174657C4E3B73746172745F706167657C733A31303A222F64617368626F617264223B656D61696C7C733A31393A226A6F686E646F65406578616D706C652E636F6D223B7065726D6973696F6E7C733A313A2231223B),
	('5h2iei0gno244cmdsq4o123rp07o4dbb', '127.0.0.1', 1506589225, _binary 0x5F5F63695F6C6173745F726567656E65726174657C693A313530363538383936343B6572726F727C613A303A7B7D6E616D657C733A363A2244616D69616E223B757365725F69647C733A373A2238343533343136223B70726F66696C655F69647C733A313A2231223B70726F66696C655F696D6167657C733A33323A222F637573746F6D2F696D616765732F75736572732F64656661756C742E706E67223B6D656E755F73746174657C4E3B73746172745F706167657C733A31303A222F64617368626F617264223B656D61696C7C733A31393A226A6F686E646F65406578616D706C652E636F6D223B7065726D6973696F6E7C733A313A2231223B),
	('tns6faveh4tughhbmh2guajn9ogoc3n6', '127.0.0.1', 1506589370, _binary 0x5F5F63695F6C6173745F726567656E65726174657C693A313530363538393335373B6572726F727C613A303A7B7D6E616D657C733A363A2244616D69616E223B757365725F69647C733A373A2238343533343136223B70726F66696C655F69647C733A313A2231223B70726F66696C655F696D6167657C733A33323A222F637573746F6D2F696D616765732F75736572732F64656661756C742E706E67223B6D656E755F73746174657C4E3B73746172745F706167657C733A31303A222F64617368626F617264223B656D61696C7C733A31393A226A6F686E646F65406578616D706C652E636F6D223B7065726D6973696F6E7C733A313A2231223B),
	('j5sfkni6pfnietpts68kne327rqqejcg', '127.0.0.1', 1506590863, _binary 0x5F5F63695F6C6173745F726567656E65726174657C693A313530363539303733383B6572726F727C613A303A7B7D6E616D657C733A363A2244616D69616E223B757365725F69647C733A373A2238343533343136223B70726F66696C655F69647C733A313A2231223B70726F66696C655F696D6167657C733A33323A222F637573746F6D2F696D616765732F75736572732F64656661756C742E706E67223B6D656E755F73746174657C4E3B73746172745F706167657C733A31303A222F64617368626F617264223B656D61696C7C733A31393A226A6F686E646F65406578616D706C652E636F6D223B7065726D6973696F6E7C733A313A2231223B),
	('qkufqalfnp57h2e165us2qvfporgop2u', '127.0.0.1', 1506591659, _binary 0x5F5F63695F6C6173745F726567656E65726174657C693A313530363539313435363B6572726F727C613A303A7B7D6E616D657C733A363A2244616D69616E223B757365725F69647C733A373A2238343533343136223B70726F66696C655F69647C733A313A2231223B70726F66696C655F696D6167657C733A33323A222F637573746F6D2F696D616765732F75736572732F64656661756C742E706E67223B6D656E755F73746174657C4E3B73746172745F706167657C733A31303A222F64617368626F617264223B656D61696C7C733A31393A226A6F686E646F65406578616D706C652E636F6D223B7065726D6973696F6E7C733A313A2231223B),
	('69f3rcv8iahci9kci3ed0fh1dn32kqaf', '127.0.0.1', 1506591867, _binary 0x5F5F63695F6C6173745F726567656E65726174657C693A313530363539313739343B6572726F727C613A303A7B7D6E616D657C733A363A2244616D69616E223B757365725F69647C733A373A2238343533343136223B70726F66696C655F69647C733A313A2231223B70726F66696C655F696D6167657C733A33323A222F637573746F6D2F696D616765732F75736572732F64656661756C742E706E67223B6D656E755F73746174657C4E3B73746172745F706167657C733A31303A222F64617368626F617264223B656D61696C7C733A31393A226A6F686E646F65406578616D706C652E636F6D223B7065726D6973696F6E7C733A313A2231223B);
/*!40000 ALTER TABLE `ci_sessions` ENABLE KEYS */;


-- Structuur van  tabel demoautentication.members wordt geschreven
CREATE TABLE IF NOT EXISTS `members` (
  `id` int(11) NOT NULL AUTO_INCREMENT,
  `ovnumber` varchar(255) NOT NULL,
  `name` varchar(255) NOT NULL,
  `insertion` varchar(255) NOT NULL,
  `lastname` varchar(255) NOT NULL,
  `slug` varchar(255) NOT NULL,
  PRIMARY KEY (`id`)
) ENGINE=MyISAM AUTO_INCREMENT=5 DEFAULT CHARSET=latin1;

-- Dumpen data van tabel demoautentication.members: 3 rows
/*!40000 ALTER TABLE `members` DISABLE KEYS */;
INSERT INTO `members` (`id`, `ovnumber`, `name`, `insertion`, `lastname`, `slug`) VALUES
	(1, '99012345', 'Klaas', 'de', 'Jong', 'test1'),
	(2, '99012345', 'Jan', 'de ', 'Jong', 'test2'),
	(3, '99033554', 'Damian', 'van', 'Es', 'test3'),
	(4, '99012345678910', 'Voornaam', 'tussenvoegsel', 'achternaam', 'test4');
/*!40000 ALTER TABLE `members` ENABLE KEYS */;


-- Structuur van  tabel demoautentication.profiles wordt geschreven
CREATE TABLE IF NOT EXISTS `profiles` (
  `id` int(11) NOT NULL AUTO_INCREMENT,
  `name` varchar(50) NOT NULL,
  PRIMARY KEY (`id`)
) ENGINE=InnoDB AUTO_INCREMENT=3 DEFAULT CHARSET=latin1;

-- Dumpen data van tabel demoautentication.profiles: ~2 rows (ongeveer)
/*!40000 ALTER TABLE `profiles` DISABLE KEYS */;
INSERT INTO `profiles` (`id`, `name`) VALUES
	(1, 'Administrator'),
	(2, 'Medewerker');
/*!40000 ALTER TABLE `profiles` ENABLE KEYS */;


-- Structuur van  tabel demoautentication.projects wordt geschreven
CREATE TABLE IF NOT EXISTS `projects` (
  `id` int(11) NOT NULL AUTO_INCREMENT,
  `name` varchar(50) NOT NULL DEFAULT '0',
  `teacher` varchar(50) NOT NULL DEFAULT '0',
  `client` varchar(50) NOT NULL DEFAULT '0',
  `active` varchar(50) NOT NULL DEFAULT '0',
  `slug` tinytext,
  `description` tinytext,
  PRIMARY KEY (`id`)
) ENGINE=InnoDB AUTO_INCREMENT=24 DEFAULT CHARSET=latin1;

-- Dumpen data van tabel demoautentication.projects: ~8 rows (ongeveer)
/*!40000 ALTER TABLE `projects` DISABLE KEYS */;
INSERT INTO `projects` (`id`, `name`, `teacher`, `client`, `active`, `slug`, `description`) VALUES
	(1, 'stagemarkt', 'slemmer', 'slemmer', '1', 'test', 'Dit project houdt in het bouwen van een nieuwe versie van stagemarkt'),
	(2, 'stagemarkt 23erwerw', 'nouwen1234', 'Nouwen1234', '1', 'test2', 'Deze project houdt in het bouwen van een nieuwe versie van stagemarkt'),
	(17, 'testproject', 'nouwen', 'Nouwen', '0', NULL, 'rrwwerwerwer'),
	(18, 'test234', 'test13245', 'test234', '0', NULL, 'test12345'),
	(19, '&lt;h1&gt;TEST&lt;/h1&gt;', 'trew', 'trewq', '0', NULL, 'terw'),
	(21, '&lt;script&gt; alert(&quot;test&quot;)&lt;/script&', 'etertet', 'fwrete', '0', NULL, 'rerte'),
	(22, 'project', 'klaas', 'slemmer', '0', NULL, 'Beschrijving'),
	(23, 'project ufo', 'docent ab', '1234Ab', '0', 'ufo', 'beschrijving ab');
/*!40000 ALTER TABLE `projects` ENABLE KEYS */;


-- Structuur van  tabel demoautentication.project_members wordt geschreven
CREATE TABLE IF NOT EXISTS `project_members` (
  `id` int(11) NOT NULL AUTO_INCREMENT,
  `project_id` int(11) NOT NULL,
  `member_id` int(11) NOT NULL,
  PRIMARY KEY (`id`)
) ENGINE=MyISAM AUTO_INCREMENT=4 DEFAULT CHARSET=latin1;

-- Dumpen data van tabel demoautentication.project_members: 3 rows
/*!40000 ALTER TABLE `project_members` DISABLE KEYS */;
INSERT INTO `project_members` (`id`, `project_id`, `member_id`) VALUES
	(1, 1, 1),
	(2, 1, 2),
	(3, 23, 3);
/*!40000 ALTER TABLE `project_members` ENABLE KEYS */;


-- Structuur van  tabel demoautentication.rights wordt geschreven
CREATE TABLE IF NOT EXISTS `rights` (
  `id` int(11) NOT NULL AUTO_INCREMENT,
  `icon` varchar(12) NOT NULL DEFAULT '0',
  `hasSub` bit(1) NOT NULL DEFAULT b'0',
  `parent_id` int(5) NOT NULL DEFAULT '0',
  `name` varchar(50) NOT NULL,
  `internal_name` varchar(50) DEFAULT NULL,
  `priority` int(5) NOT NULL,
  `link` varchar(150) NOT NULL,
  PRIMARY KEY (`id`)
) ENGINE=InnoDB AUTO_INCREMENT=7 DEFAULT CHARSET=latin1;

-- Dumpen data van tabel demoautentication.rights: ~4 rows (ongeveer)
/*!40000 ALTER TABLE `rights` DISABLE KEYS */;
INSERT INTO `rights` (`id`, `icon`, `hasSub`, `parent_id`, `name`, `internal_name`, `priority`, `link`) VALUES
	(1, 'dashboard', b'0', 0, 'Dashboard', 'dashboard', 1, '/dashboard'),
	(2, 'cogs', b'1', 0, 'Configuratie', 'config', 80, '/config'),
	(3, '0', b'0', 2, 'Gebruikers', 'users', 81, '/config/users'),
	(4, '0', b'0', 2, 'Rechten', 'rights', 81, '/config/rights'),
	(5, '0', b'0', 0, 'projects', 'projects', 81, '/projects'),
	(6, '0', b'0', 0, 'Add project', 'Addproject', 81, '/projects/add_project');
/*!40000 ALTER TABLE `rights` ENABLE KEYS */;


-- Structuur van  tabel demoautentication.rights_tree wordt geschreven
CREATE TABLE IF NOT EXISTS `rights_tree` (
  `id` int(5) NOT NULL AUTO_INCREMENT,
  `profile_id` int(6) NOT NULL,
  `rights_id` int(6) NOT NULL,
  PRIMARY KEY (`id`)
) ENGINE=InnoDB AUTO_INCREMENT=20 DEFAULT CHARSET=latin1;

-- Dumpen data van tabel demoautentication.rights_tree: ~5 rows (ongeveer)
/*!40000 ALTER TABLE `rights_tree` DISABLE KEYS */;
INSERT INTO `rights_tree` (`id`, `profile_id`, `rights_id`) VALUES
	(5, 2, 1),
	(16, 1, 6),
	(17, 1, 2),
	(18, 1, 1),
	(19, 1, 5);
/*!40000 ALTER TABLE `rights_tree` ENABLE KEYS */;


-- Structuur van  tabel demoautentication.users wordt geschreven
CREATE TABLE IF NOT EXISTS `users` (
  `id` int(11) NOT NULL AUTO_INCREMENT,
  `name` varchar(80) NOT NULL,
  `username` varchar(80) NOT NULL,
  `password` varchar(80) NOT NULL,
  `email` varchar(60) NOT NULL,
  `profile_image` varchar(200) DEFAULT NULL,
  `profile_id` int(11) NOT NULL,
  `division_id` int(11) NOT NULL,
  `menu_state` varchar(6) DEFAULT NULL,
  `active` bit(1) NOT NULL,
  `start_page` varchar(50) DEFAULT NULL,
  `date_created` datetime NOT NULL,
  `slogan` varchar(200) DEFAULT NULL,
  `admin` int(11) DEFAULT NULL,
  PRIMARY KEY (`id`)
) ENGINE=InnoDB AUTO_INCREMENT=8453417 DEFAULT CHARSET=latin1;

-- Dumpen data van tabel demoautentication.users: ~1 rows (ongeveer)
/*!40000 ALTER TABLE `users` DISABLE KEYS */;
INSERT INTO `users` (`id`, `name`, `username`, `password`, `email`, `profile_image`, `profile_id`, `division_id`, `menu_state`, `active`, `start_page`, `date_created`, `slogan`, `admin`) VALUES
	(8453416, 'Damian', 'admin', '93934933ba1028311dab40173011e643d2daaf3a', 'johndoe@example.com', NULL, 1, 0, NULL, b'1', NULL, '2017-09-19 15:22:12', NULL, 1);
/*!40000 ALTER TABLE `users` ENABLE KEYS */;


-- Structuur van  tabel demoautentication.user_activities wordt geschreven
CREATE TABLE IF NOT EXISTS `user_activities` (
  `id` int(11) NOT NULL AUTO_INCREMENT,
  `user_id` int(11) NOT NULL,
  `checksum` varchar(25) NOT NULL,
  `date_modify` datetime NOT NULL,
  PRIMARY KEY (`id`)
) ENGINE=InnoDB AUTO_INCREMENT=2 DEFAULT CHARSET=latin1;

-- Dumpen data van tabel demoautentication.user_activities: ~0 rows (ongeveer)
/*!40000 ALTER TABLE `user_activities` DISABLE KEYS */;
INSERT INTO `user_activities` (`id`, `user_id`, `checksum`, `date_modify`) VALUES
	(1, 8453416, '3d32e161f7f685e3e55f3de0c', '2017-09-28 11:44:27');
/*!40000 ALTER TABLE `user_activities` ENABLE KEYS */;
/*!40101 SET SQL_MODE=IFNULL(@OLD_SQL_MODE, '') */;
/*!40014 SET FOREIGN_KEY_CHECKS=IF(@OLD_FOREIGN_KEY_CHECKS IS NULL, 1, @OLD_FOREIGN_KEY_CHECKS) */;
/*!40101 SET CHARACTER_SET_CLIENT=@OLD_CHARACTER_SET_CLIENT */;
